slice_type,slice_value,n,accuracy,invalid_rate,evidence_presence_rate,reference_evidence_rate,mean_best_evidence_iou,mean_best_evidence_iou_n,mean_best_evidence_centroid_drift,mean_best_evidence_centroid_drift_n
overall,all,588,0.39285714285714285,0.0,0.9880952380952381,0.5731292517006803,0.05793936016620469,333,0.13844784094820536,333
rule_id,fall_harness,69,0.5942028985507246,0.0,0.9855072463768116,0.2898550724637681,0.12959446474293587,20,0.054844443502710796,20
rule_id,guardrail_edge,110,0.6363636363636364,0.0,0.9636363636363636,0.5,0.17108298227354554,52,0.2737452602324886,52
rule_id,ppe_hard_hat,303,0.3069306930693069,0.0,0.9933993399339934,0.8217821782178217,0.02974520126022672,248,0.11230892090710728,248
rule_id,struck_by_equipment,106,0.25471698113207547,0.0,1.0,0.12264150943396226,0.03298404997898771,13,0.2245289422035457,13
annotation_ambiguous,no,173,0.2832369942196532,0.0,0.9942196531791907,0.8208092485549133,0.07312669187627409,141,0.1336792146221457,141
annotation_ambiguous,yes,415,0.43855421686746987,0.0,0.9855421686746988,0.46987951807228917,0.04678616344162247,192,0.14194980090640516,192
annotation_applies_to_image,uncertain,250,0.584,0.0,0.988,0.0,,0,,0
annotation_applies_to_image,yes,338,0.2514792899408284,0.0,0.9881656804733728,0.9970414201183432,0.05793936016620469,333,0.13844784094820536,333
